10	12	160	160	2162080
10	12	160	240	2622880
10	12	160	320	3083680
10	12	160	80	1701280
10	12	240	120	3819120
10	12	240	240	4855920
10	12	240	360	5892720
10	12	240	480	6929520
10	12	320	160	6781760
10	12	320	320	8624960
10	12	320	480	10468160
10	12	320	640	12311360
10	12	400	200	10589200
10	12	400	400	13469200
10	12	400	600	16349200
10	12	400	800	19229200
10	12	480	240	15241440
10	12	480	480	19388640
10	12	480	720	23535840
10	12	480	960	27683040
10	12	560	1120	37672880
10	12	560	280	20738480
10	12	560	560	26383280
10	12	560	840	32028080
10	12	640	1280	49198720
10	12	640	320	27080320
10	12	640	640	34453120
10	12	640	960	41825920
10	12	80	120	658640
10	12	80	160	773840
10	12	80	40	428240
10	12	80	80	543440
10	14	160	160	2521120
10	14	160	240	3058720
10	14	160	320	3596320
10	14	160	80	1983520
10	14	240	120	4453680
10	14	240	240	5663280
10	14	240	360	6872880
10	14	240	480	8082480
10	14	320	160	7909440
10	14	320	320	10059840
10	14	320	480	12210240
10	14	320	640	14360640
10	14	400	200	12350800
10	14	400	400	15710800
10	14	400	600	19070800
10	14	400	800	22430800
10	14	480	240	17777760
10	14	480	480	22616160
10	14	480	720	27454560
10	14	480	960	32292960
10	14	560	1120	43947120
10	14	560	280	24190320
10	14	560	560	30775920
10	14	560	840	37361520
10	14	640	1280	57393280
10	14	640	320	31588480
10	14	640	640	40190080
10	14	640	960	48791680
10	14	80	120	767760
10	14	80	160	902160
10	14	80	40	498960
10	14	80	80	633360
10	16	160	160	2880160
10	16	160	240	3494560
10	16	160	320	4108960
10	16	160	80	2265760
10	16	240	120	5088240
10	16	240	240	6470640
10	16	240	360	7853040
10	16	240	480	9235440
10	16	320	160	9037120
10	16	320	320	11494720
10	16	320	480	13952320
10	16	320	640	16409920
10	16	400	200	14112400
10	16	400	400	17952400
10	16	400	600	21792400
10	16	400	800	25632400
10	16	480	240	20314080
10	16	480	480	25843680
10	16	480	720	31373280
10	16	480	960	36902880
10	16	560	1120	50221360
10	16	560	280	27642160
10	16	560	560	35168560
10	16	560	840	42694960
10	16	640	1280	65587840
10	16	640	320	36096640
10	16	640	640	45927040
10	16	640	960	55757440
10	16	80	120	876880
10	16	80	160	1030480
10	16	80	40	569680
10	16	80	80	723280
10	18	160	160	3239200
10	18	160	240	3930400
10	18	160	320	4621600
10	18	160	80	2548000
10	18	240	120	5722800
10	18	240	240	7278000
10	18	240	360	8833200
10	18	240	480	10388400
10	18	320	160	10164800
10	18	320	320	12929600
10	18	320	480	15694400
10	18	320	640	18459200
10	18	400	200	15874000
10	18	400	400	20194000
10	18	400	600	24514000
10	18	400	800	28834000
10	18	480	240	22850400
10	18	480	480	29071200
10	18	480	720	35292000
10	18	480	960	41512800
10	18	560	1120	56495600
10	18	560	280	31094000
10	18	560	560	39561200
10	18	560	840	48028400
10	18	640	1280	73782400
10	18	640	320	40604800
10	18	640	640	51664000
10	18	640	960	62723200
10	18	80	120	986000
10	18	80	160	1158800
10	18	80	40	640400
10	18	80	80	813200
10	20	160	160	3598240
10	20	160	240	4366240
10	20	160	320	5134240
10	20	160	80	2830240
10	20	240	120	6357360
10	20	240	240	8085360
10	20	240	360	9813360
10	20	240	480	11541360
10	20	320	160	11292480
10	20	320	320	14364480
10	20	320	480	17436480
10	20	320	640	20508480
10	20	400	200	17635600
10	20	400	400	22435600
10	20	400	600	27235600
10	20	400	800	32035600
10	20	480	240	25386720
10	20	480	480	32298720
10	20	480	720	39210720
10	20	480	960	46122720
10	20	560	1120	62769840
10	20	560	280	34545840
10	20	560	560	43953840
10	20	560	840	53361840
10	20	640	1280	81976960
10	20	640	320	45112960
10	20	640	640	57400960
10	20	640	960	69688960
10	20	80	120	1095120
10	20	80	160	1287120
10	20	80	40	711120
10	20	80	80	903120
10	22	160	160	3957280
10	22	160	240	4802080
10	22	160	320	5646880
10	22	160	80	3112480
10	22	240	120	6991920
10	22	240	240	8892720
10	22	240	360	10793520
10	22	240	480	12694320
10	22	320	160	12420160
10	22	320	320	15799360
10	22	320	480	19178560
10	22	320	640	22557760
10	22	400	200	19397200
10	22	400	400	24677200
10	22	400	600	29957200
10	22	400	800	35237200
10	22	480	240	27923040
10	22	480	480	35526240
10	22	480	720	43129440
10	22	480	960	50732640
10	22	560	1120	69044080
10	22	560	280	37997680
10	22	560	560	48346480
10	22	560	840	58695280
10	22	640	1280	90171520
10	22	640	320	49621120
10	22	640	640	63137920
10	22	640	960	76654720
10	22	80	120	1204240
10	22	80	160	1415440
10	22	80	40	781840
10	22	80	80	993040
12	14	192	192	3627456
12	14	192	288	4401600
12	14	192	384	5175744
12	14	192	96	2853312
12	14	288	144	6408864
12	14	288	288	8150688
12	14	288	432	9892512
12	14	288	576	11634336
12	14	384	192	11383680
12	14	384	384	14480256
12	14	384	576	17576832
12	14	384	768	20673408
12	14	480	240	17777760
12	14	480	480	22616160
12	14	480	720	27454560
12	14	480	960	32292960
12	14	576	1152	46492992
12	14	576	288	25591104
12	14	576	576	32558400
12	14	576	864	39525696
12	14	672	1008	53790240
12	14	672	1344	63273504
12	14	672	336	34823712
12	14	672	672	44306976
12	14	768	1152	70248192
12	14	768	1536	82634496
12	14	768	384	45475584
12	14	768	768	57861888
12	14	96	144	1104096
12	14	96	192	1297632
12	14	96	48	717024
12	14	96	96	910560
12	16	192	192	4144320
12	16	192	288	5029056
12	16	192	384	5913792
12	16	192	96	3259584
12	16	288	144	7322400
12	16	288	288	9313056
12	16	288	432	11303712
12	16	288	576	13294368
12	16	384	192	13007232
12	16	384	384	16546176
12	16	384	576	20085120
12	16	384	768	23624064
12	16	480	240	20314080
12	16	480	480	25843680
12	16	480	720	31373280
12	16	480	960	36902880
12	16	576	1152	53130816
12	16	576	288	29242944
12	16	576	576	37205568
12	16	576	864	45168192
12	16	672	1008	61469856
12	16	672	1344	72307872
12	16	672	336	39793824
12	16	672	672	50631840
12	16	768	1152	80278272
12	16	768	1536	94434048
12	16	768	384	51966720
12	16	768	768	66122496
12	16	96	144	1261152
12	16	96	192	1482336
12	16	96	48	818784
12	16	96	96	1039968
12	18	192	192	4661184
12	18	192	288	5656512
12	18	192	384	6651840
12	18	192	96	3665856
12	18	288	144	8235936
12	18	288	288	10475424
12	18	288	432	12714912
12	18	288	576	14954400
12	18	384	192	14630784
12	18	384	384	18612096
12	18	384	576	22593408
12	18	384	768	26574720
12	18	480	240	22850400
12	18	480	480	29071200
12	18	480	720	35292000
12	18	480	960	41512800
12	18	576	1152	59768640
12	18	576	288	32894784
12	18	576	576	41852736
12	18	576	864	50810688
12	18	672	1008	69149472
12	18	672	1344	81342240
12	18	672	336	44763936
12	18	672	672	56956704
12	18	768	1152	90308352
12	18	768	1536	106233600
12	18	768	384	58457856
12	18	768	768	74383104
12	18	96	144	1418208
12	18	96	192	1667040
12	18	96	48	920544
12	18	96	96	1169376
12	20	192	192	5178048
12	20	192	288	6283968
12	20	192	384	7389888
12	20	192	96	4072128
12	20	288	144	9149472
12	20	288	288	11637792
12	20	288	432	14126112
12	20	288	576	16614432
12	20	384	192	16254336
12	20	384	384	20678016
12	20	384	576	25101696
12	20	384	768	29525376
12	20	480	240	25386720
12	20	480	480	32298720
12	20	480	720	39210720
12	20	480	960	46122720
12	20	576	1152	66406464
12	20	576	288	36546624
12	20	576	576	46499904
12	20	576	864	56453184
12	20	672	1008	76829088
12	20	672	1344	90376608
12	20	672	336	49734048
12	20	672	672	63281568
12	20	768	1152	100338432
12	20	768	1536	118033152
12	20	768	384	64948992
12	20	768	768	82643712
12	20	96	144	1575264
12	20	96	192	1851744
12	20	96	48	1022304
12	20	96	96	1298784
12	22	192	192	5694912
12	22	192	288	6911424
12	22	192	384	8127936
12	22	192	96	4478400
12	22	288	144	10063008
12	22	288	288	12800160
12	22	288	432	15537312
12	22	288	576	18274464
12	22	384	192	17877888
12	22	384	384	22743936
12	22	384	576	27609984
12	22	384	768	32476032
12	22	480	240	27923040
12	22	480	480	35526240
12	22	480	720	43129440
12	22	480	960	50732640
12	22	576	1152	73044288
12	22	576	288	40198464
12	22	576	576	51147072
12	22	576	864	62095680
12	22	672	1008	84508704
12	22	672	1344	99410976
12	22	672	336	54704160
12	22	672	672	69606432
12	22	768	1152	110368512
12	22	768	1536	129832704
12	22	768	384	71440128
12	22	768	768	90904320
12	22	96	144	1732320
12	22	96	192	2036448
12	22	96	48	1124064
12	22	96	96	1428192
12	24	192	192	6211776
12	24	192	288	7538880
12	24	192	384	8865984
12	24	192	96	4884672
12	24	288	144	10976544
12	24	288	288	13962528
12	24	288	432	16948512
12	24	288	576	19934496
12	24	384	192	19501440
12	24	384	384	24809856
12	24	384	576	30118272
12	24	384	768	35426688
12	24	480	240	30459360
12	24	480	480	38753760
12	24	480	720	47048160
12	24	480	960	55342560
12	24	576	1152	79682112
12	24	576	288	43850304
12	24	576	576	55794240
12	24	576	864	67738176
12	24	672	1008	92188320
12	24	672	1344	108445344
12	24	672	336	59674272
12	24	672	672	75931296
12	24	768	1152	120398592
12	24	768	1536	141632256
12	24	768	384	77931264
12	24	768	768	99164928
12	24	96	144	1889376
12	24	96	192	2221152
12	24	96	48	1225824
12	24	96	96	1557600
14	16	112	112	1414000
14	16	112	168	1715056
14	16	112	224	2016112
14	16	112	56	1112944
14	16	224	112	4433632
14	16	224	224	5637856
14	16	224	336	6842080
14	16	224	448	8046304
14	16	336	168	9962064
14	16	336	336	12671568
14	16	336	504	15381072
14	16	336	672	18090576
14	16	448	224	17698240
14	16	448	448	22515136
14	16	448	672	27332032
14	16	448	896	32148928
14	16	560	1120	50221360
14	16	560	280	27642160
14	16	560	560	35168560
14	16	560	840	42694960
14	16	672	1008	61469856
14	16	672	1344	72307872
14	16	672	336	39793824
14	16	672	672	50631840
14	16	784	1176	83656720
14	16	784	1568	98408464
14	16	784	392	54153232
14	16	784	784	68904976
14	16	896	1344	109255552
14	16	896	1792	128523136
14	16	896	448	70720384
14	16	896	896	89987968
14	18	112	112	1590064
14	18	112	168	1928752
14	18	112	224	2267440
14	18	112	56	1251376
14	18	224	112	4986464
14	18	224	224	6341216
14	18	224	336	7695968
14	18	224	448	9050720
14	18	336	168	11205264
14	18	336	336	14253456
14	18	336	504	17301648
14	18	336	672	20349840
14	18	448	224	19907776
14	18	448	448	25326784
14	18	448	672	30745792
14	18	448	896	36164800
14	18	560	1120	56495600
14	18	560	280	31094000
14	18	560	560	39561200
14	18	560	840	48028400
14	18	672	1008	69149472
14	18	672	1344	81342240
14	18	672	336	44763936
14	18	672	672	56956704
14	18	784	1176	94109008
14	18	784	1568	110704720
14	18	784	392	60917584
14	18	784	784	77513296
14	18	896	1344	122907008
14	18	896	1792	144583040
14	18	896	448	79554944
14	18	896	896	101230976
14	20	112	112	1766128
14	20	112	168	2142448
14	20	112	224	2518768
14	20	112	56	1389808
14	20	224	112	5539296
14	20	224	224	7044576
14	20	224	336	8549856
14	20	224	448	10055136
14	20	336	168	12448464
14	20	336	336	15835344
14	20	336	504	19222224
14	20	336	672	22609104
14	20	448	224	22117312
14	20	448	448	28138432
14	20	448	672	34159552
14	20	448	896	40180672
14	20	560	1120	62769840
14	20	560	280	34545840
14	20	560	560	43953840
14	20	560	840	53361840
14	20	672	1008	76829088
14	20	672	1344	90376608
14	20	672	336	49734048
14	20	672	672	63281568
14	20	784	1176	104561296
14	20	784	1568	123000976
14	20	784	392	67681936
14	20	784	784	86121616
14	20	896	1344	136558464
14	20	896	1792	160642944
14	20	896	448	88389504
14	20	896	896	112473984
14	22	112	112	1942192
14	22	112	168	2356144
14	22	112	224	2770096
14	22	112	56	1528240
14	22	224	112	6092128
14	22	224	224	7747936
14	22	224	336	9403744
14	22	224	448	11059552
14	22	336	168	13691664
14	22	336	336	17417232
14	22	336	504	21142800
14	22	336	672	24868368
14	22	448	224	24326848
14	22	448	448	30950080
14	22	448	672	37573312
14	22	448	896	44196544
14	22	560	1120	69044080
14	22	560	280	37997680
14	22	560	560	48346480
14	22	560	840	58695280
14	22	672	1008	84508704
14	22	672	1344	99410976
14	22	672	336	54704160
14	22	672	672	69606432
14	22	784	1176	115013584
14	22	784	1568	135297232
14	22	784	392	74446288
14	22	784	784	94729936
14	22	896	1344	150209920
14	22	896	1792	176702848
14	22	896	448	97224064
14	22	896	896	123716992
14	24	112	112	2118256
14	24	112	168	2569840
14	24	112	224	3021424
14	24	112	56	1666672
14	24	224	112	6644960
14	24	224	224	8451296
14	24	224	336	10257632
14	24	224	448	12063968
14	24	336	168	14934864
14	24	336	336	18999120
14	24	336	504	23063376
14	24	336	672	27127632
14	24	448	224	26536384
14	24	448	448	33761728
14	24	448	672	40987072
14	24	448	896	48212416
14	24	560	1120	75318320
14	24	560	280	41449520
14	24	560	560	52739120
14	24	560	840	64028720
14	24	672	1008	92188320
14	24	672	1344	108445344
14	24	672	336	59674272
14	24	672	672	75931296
14	24	784	1176	125465872
14	24	784	1568	147593488
14	24	784	392	81210640
14	24	784	784	103338256
14	24	896	1344	163861376
14	24	896	1792	192762752
14	24	896	448	106058624
14	24	896	896	134960000
14	26	112	112	2294320
14	26	112	168	2783536
14	26	112	224	3272752
14	26	112	56	1805104
14	26	224	112	7197792
14	26	224	224	9154656
14	26	224	336	11111520
14	26	224	448	13068384
14	26	336	168	16178064
14	26	336	336	20581008
14	26	336	504	24983952
14	26	336	672	29386896
14	26	448	224	28745920
14	26	448	448	36573376
14	26	448	672	44400832
14	26	448	896	52228288
14	26	560	1120	81592560
14	26	560	280	44901360
14	26	560	560	57131760
14	26	560	840	69362160
14	26	672	1008	99867936
14	26	672	1344	117479712
14	26	672	336	64644384
14	26	672	672	82256160
14	26	784	1176	135918160
14	26	784	1568	159889744
14	26	784	392	87974992
14	26	784	784	111946576
14	26	896	1344	177512832
14	26	896	1792	208822656
14	26	896	448	114893184
14	26	896	896	146203008
16	18	1024	1024	132207616
16	18	1024	1536	160519168
16	18	1024	2048	188830720
16	18	1024	512	103896064
16	18	128	128	2075264
16	18	128	192	2517632
16	18	128	256	2960000
16	18	128	64	1632896
16	18	256	128	6509824
16	18	256	256	8279296
16	18	256	384	10048768
16	18	256	512	11818240
16	18	384	192	14630784
16	18	384	384	18612096
16	18	384	576	22593408
16	18	384	768	26574720
16	18	512	1024	47229440
16	18	512	256	25995776
16	18	512	512	33073664
16	18	512	768	40151552
16	18	640	1280	73782400
16	18	640	320	40604800
16	18	640	640	51664000
16	18	640	960	62723200
16	18	768	1152	90308352
16	18	768	1536	106233600
16	18	768	384	58457856
16	18	768	768	74383104
16	18	896	1344	122907008
16	18	896	1792	144583040
16	18	896	448	79554944
16	18	896	896	101230976
16	20	1024	1024	146891776
16	20	1024	1536	178349056
16	20	1024	2048	209806336
16	20	1024	512	115434496
16	20	128	128	2305152
16	20	128	192	2796672
16	20	128	256	3288192
16	20	128	64	1813632
16	20	256	128	7231744
16	20	256	256	9197824
16	20	256	384	11163904
16	20	256	512	13129984
16	20	384	192	16254336
16	20	384	384	20678016
16	20	384	576	25101696
16	20	384	768	29525376
16	20	512	1024	52474368
16	20	512	256	28881408
16	20	512	512	36745728
16	20	512	768	44610048
16	20	640	1280	81976960
16	20	640	320	45112960
16	20	640	640	57400960
16	20	640	960	69688960
16	20	768	1152	100338432
16	20	768	1536	118033152
16	20	768	384	64948992
16	20	768	768	82643712
16	20	896	1344	136558464
16	20	896	1792	160642944
16	20	896	448	88389504
16	20	896	896	112473984
16	22	1024	1024	161575936
16	22	1024	1536	196178944
16	22	1024	2048	230781952
16	22	1024	512	126972928
16	22	128	128	2535040
16	22	128	192	3075712
16	22	128	256	3616384
16	22	128	64	1994368
16	22	256	128	7953664
16	22	256	256	10116352
16	22	256	384	12279040
16	22	256	512	14441728
16	22	384	192	17877888
16	22	384	384	22743936
16	22	384	576	27609984
16	22	384	768	32476032
16	22	512	1024	57719296
16	22	512	256	31767040
16	22	512	512	40417792
16	22	512	768	49068544
16	22	640	1280	90171520
16	22	640	320	49621120
16	22	640	640	63137920
16	22	640	960	76654720
16	22	768	1152	110368512
16	22	768	1536	129832704
16	22	768	384	71440128
16	22	768	768	90904320
16	22	896	1344	150209920
16	22	896	1792	176702848
16	22	896	448	97224064
16	22	896	896	123716992
16	24	1024	1024	176260096
16	24	1024	1536	214008832
16	24	1024	2048	251757568
16	24	1024	512	138511360
16	24	128	128	2764928
16	24	128	192	3354752
16	24	128	256	3944576
16	24	128	64	2175104
16	24	256	128	8675584
16	24	256	256	11034880
16	24	256	384	13394176
16	24	256	512	15753472
16	24	384	192	19501440
16	24	384	384	24809856
16	24	384	576	30118272
16	24	384	768	35426688
16	24	512	1024	62964224
16	24	512	256	34652672
16	24	512	512	44089856
16	24	512	768	53527040
16	24	640	1280	98366080
16	24	640	320	54129280
16	24	640	640	68874880
16	24	640	960	83620480
16	24	768	1152	120398592
16	24	768	1536	141632256
16	24	768	384	77931264
16	24	768	768	99164928
16	24	896	1344	163861376
16	24	896	1792	192762752
16	24	896	448	106058624
16	24	896	896	134960000
16	26	1024	1024	190944256
16	26	1024	1536	231838720
16	26	1024	2048	272733184
16	26	1024	512	150049792
16	26	128	128	2994816
16	26	128	192	3633792
16	26	128	256	4272768
16	26	128	64	2355840
16	26	256	128	9397504
16	26	256	256	11953408
16	26	256	384	14509312
16	26	256	512	17065216
16	26	384	192	21124992
16	26	384	384	26875776
16	26	384	576	32626560
16	26	384	768	38377344
16	26	512	1024	68209152
16	26	512	256	37538304
16	26	512	512	47761920
16	26	512	768	57985536
16	26	640	1280	106560640
16	26	640	320	58637440
16	26	640	640	74611840
16	26	640	960	90586240
16	26	768	1152	130428672
16	26	768	1536	153431808
16	26	768	384	84422400
16	26	768	768	107425536
16	26	896	1344	177512832
16	26	896	1792	208822656
16	26	896	448	114893184
16	26	896	896	146203008
16	28	1024	1024	205628416
16	28	1024	1536	249668608
16	28	1024	2048	293708800
16	28	1024	512	161588224
16	28	128	128	3224704
16	28	128	192	3912832
16	28	128	256	4600960
16	28	128	64	2536576
16	28	256	128	10119424
16	28	256	256	12871936
16	28	256	384	15624448
16	28	256	512	18376960
16	28	384	192	22748544
16	28	384	384	28941696
16	28	384	576	35134848
16	28	384	768	41328000
16	28	512	1024	73454080
16	28	512	256	40423936
16	28	512	512	51433984
16	28	512	768	62444032
16	28	640	1280	114755200
16	28	640	320	63145600
16	28	640	640	80348800
16	28	640	960	97552000
16	28	768	1152	140458752
16	28	768	1536	165231360
16	28	768	384	90913536
16	28	768	768	115686144
16	28	896	1344	191164288
16	28	896	1792	224882560
16	28	896	448	123727744
16	28	896	896	157446016
4	10	128	128	1155712
4	10	128	192	1401472
4	10	128	256	1647232
4	10	128	64	909952
4	10	160	160	1803040
4	10	160	240	2187040
4	10	160	320	2571040
4	10	160	80	1419040
4	10	192	192	2593728
4	10	192	288	3146688
4	10	192	384	3699648
4	10	192	96	2040768
4	10	224	112	2775136
4	10	224	224	3527776
4	10	224	336	4280416
4	10	224	448	5033056
4	10	256	128	3622144
4	10	256	256	4605184
4	10	256	384	5588224
4	10	256	512	6571264
4	10	32	16	58528
4	10	32	32	73888
4	10	32	48	89248
4	10	32	64	104608
4	10	64	128	414016
4	10	64	32	229696
4	10	64	64	291136
4	10	64	96	352576
4	10	96	144	789984
4	10	96	192	928224
4	10	96	48	513504
4	10	96	96	651744
4	12	128	128	1385600
4	12	128	192	1680512
4	12	128	256	1975424
4	12	128	64	1090688
4	12	160	160	2162080
4	12	160	240	2622880
4	12	160	320	3083680
4	12	160	80	1701280
4	12	192	192	3110592
4	12	192	288	3774144
4	12	192	384	4437696
4	12	192	96	2447040
4	12	224	112	3327968
4	12	224	224	4231136
4	12	224	336	5134304
4	12	224	448	6037472
4	12	256	128	4344064
4	12	256	256	5523712
4	12	256	384	6703360
4	12	256	512	7883008
4	12	32	16	69920
4	12	32	32	88352
4	12	32	48	106784
4	12	32	64	125216
4	12	64	128	496192
4	12	64	32	275008
4	12	64	64	348736
4	12	64	96	422464
4	12	96	144	947040
4	12	96	192	1112928
4	12	96	48	615264
4	12	96	96	781152
4	14	128	128	1615488
4	14	128	192	1959552
4	14	128	256	2303616
4	14	128	64	1271424
4	14	160	160	2521120
4	14	160	240	3058720
4	14	160	320	3596320
4	14	160	80	1983520
4	14	192	192	3627456
4	14	192	288	4401600
4	14	192	384	5175744
4	14	192	96	2853312
4	14	224	112	3880800
4	14	224	224	4934496
4	14	224	336	5988192
4	14	224	448	7041888
4	14	256	128	5065984
4	14	256	256	6442240
4	14	256	384	7818496
4	14	256	512	9194752
4	14	32	16	81312
4	14	32	32	102816
4	14	32	48	124320
4	14	32	64	145824
4	14	64	128	578368
4	14	64	32	320320
4	14	64	64	406336
4	14	64	96	492352
4	14	96	144	1104096
4	14	96	192	1297632
4	14	96	48	717024
4	14	96	96	910560
4	16	128	128	1845376
4	16	128	192	2238592
4	16	128	256	2631808
4	16	128	64	1452160
4	16	160	160	2880160
4	16	160	240	3494560
4	16	160	320	4108960
4	16	160	80	2265760
4	16	192	192	4144320
4	16	192	288	5029056
4	16	192	384	5913792
4	16	192	96	3259584
4	16	224	112	4433632
4	16	224	224	5637856
4	16	224	336	6842080
4	16	224	448	8046304
4	16	256	128	5787904
4	16	256	256	7360768
4	16	256	384	8933632
4	16	256	512	10506496
4	16	32	16	92704
4	16	32	32	117280
4	16	32	48	141856
4	16	32	64	166432
4	16	64	128	660544
4	16	64	32	365632
4	16	64	64	463936
4	16	64	96	562240
4	16	96	144	1261152
4	16	96	192	1482336
4	16	96	48	818784
4	16	96	96	1039968
4	6	128	128	695936
4	6	128	192	843392
4	6	128	256	990848
4	6	128	64	548480
4	6	160	160	1084960
4	6	160	240	1315360
4	6	160	320	1545760
4	6	160	80	854560
4	6	192	192	1560000
4	6	192	288	1891776
4	6	192	384	2223552
4	6	192	96	1228224
4	6	224	112	1669472
4	6	224	224	2121056
4	6	224	336	2572640
4	6	224	448	3024224
4	6	256	128	2178304
4	6	256	256	2768128
4	6	256	384	3357952
4	6	256	512	3947776
4	6	32	16	35744
4	6	32	32	44960
4	6	32	48	54176
4	6	32	64	63392
4	6	64	128	249664
4	6	64	32	139072
4	6	64	64	175936
4	6	64	96	212800
4	6	96	144	475872
4	6	96	192	558816
4	6	96	48	309984
4	6	96	96	392928
4	8	128	128	925824
4	8	128	192	1122432
4	8	128	256	1319040
4	8	128	64	729216
4	8	160	160	1444000
4	8	160	240	1751200
4	8	160	320	2058400
4	8	160	80	1136800
4	8	192	192	2076864
4	8	192	288	2519232
4	8	192	384	2961600
4	8	192	96	1634496
4	8	224	112	2222304
4	8	224	224	2824416
4	8	224	336	3426528
4	8	224	448	4028640
4	8	256	128	2900224
4	8	256	256	3686656
4	8	256	384	4473088
4	8	256	512	5259520
4	8	32	16	47136
4	8	32	32	59424
4	8	32	48	71712
4	8	32	64	84000
4	8	64	128	331840
4	8	64	32	184384
4	8	64	64	233536
4	8	64	96	282688
4	8	96	144	632928
4	8	96	192	743520
4	8	96	48	411744
4	8	96	96	522336
6	10	144	144	1461456
6	10	144	216	1772496
6	10	144	288	2083536
6	10	144	72	1150416
6	10	192	192	2593728
6	10	192	288	3146688
6	10	192	384	3699648
6	10	192	96	2040768
6	10	240	120	3184560
6	10	240	240	4048560
6	10	240	360	4912560
6	10	240	480	5776560
6	10	288	144	4581792
6	10	288	288	5825952
6	10	288	432	7070112
6	10	288	576	8314272
6	10	336	168	6232464
6	10	336	336	7925904
6	10	336	504	9619344
6	10	336	672	11312784
6	10	384	192	8136576
6	10	384	384	10348416
6	10	384	576	12560256
6	10	384	768	14772096
6	10	48	24	130032
6	10	48	48	164592
6	10	48	72	199152
6	10	48	96	233712
6	10	96	144	789984
6	10	96	192	928224
6	10	96	48	513504
6	10	96	96	651744
6	12	144	144	1752336
6	12	144	216	2125584
6	12	144	288	2498832
6	12	144	72	1379088
6	12	192	192	3110592
6	12	192	288	3774144
6	12	192	384	4437696
6	12	192	96	2447040
6	12	240	120	3819120
6	12	240	240	4855920
6	12	240	360	5892720
6	12	240	480	6929520
6	12	288	144	5495328
6	12	288	288	6988320
6	12	288	432	8481312
6	12	288	576	9974304
6	12	336	168	7475664
6	12	336	336	9507792
6	12	336	504	11539920
6	12	336	672	13572048
6	12	384	192	9760128
6	12	384	384	12414336
6	12	384	576	15068544
6	12	384	768	17722752
6	12	48	24	155568
6	12	48	48	197040
6	12	48	72	238512
6	12	48	96	279984
6	12	96	144	947040
6	12	96	192	1112928
6	12	96	48	615264
6	12	96	96	781152
6	14	144	144	2043216
6	14	144	216	2478672
6	14	144	288	2914128
6	14	144	72	1607760
6	14	192	192	3627456
6	14	192	288	4401600
6	14	192	384	5175744
6	14	192	96	2853312
6	14	240	120	4453680
6	14	240	240	5663280
6	14	240	360	6872880
6	14	240	480	8082480
6	14	288	144	6408864
6	14	288	288	8150688
6	14	288	432	9892512
6	14	288	576	11634336
6	14	336	168	8718864
6	14	336	336	11089680
6	14	336	504	13460496
6	14	336	672	15831312
6	14	384	192	11383680
6	14	384	384	14480256
6	14	384	576	17576832
6	14	384	768	20673408
6	14	48	24	181104
6	14	48	48	229488
6	14	48	72	277872
6	14	48	96	326256
6	14	96	144	1104096
6	14	96	192	1297632
6	14	96	48	717024
6	14	96	96	910560
6	16	144	144	2334096
6	16	144	216	2831760
6	16	144	288	3329424
6	16	144	72	1836432
6	16	192	192	4144320
6	16	192	288	5029056
6	16	192	384	5913792
6	16	192	96	3259584
6	16	240	120	5088240
6	16	240	240	6470640
6	16	240	360	7853040
6	16	240	480	9235440
6	16	288	144	7322400
6	16	288	288	9313056
6	16	288	432	11303712
6	16	288	576	13294368
6	16	336	168	9962064
6	16	336	336	12671568
6	16	336	504	15381072
6	16	336	672	18090576
6	16	384	192	13007232
6	16	384	384	16546176
6	16	384	576	20085120
6	16	384	768	23624064
6	16	48	24	206640
6	16	48	48	261936
6	16	48	72	317232
6	16	48	96	372528
6	16	96	144	1261152
6	16	96	192	1482336
6	16	96	48	818784
6	16	96	96	1039968
6	18	144	144	2624976
6	18	144	216	3184848
6	18	144	288	3744720
6	18	144	72	2065104
6	18	192	192	4661184
6	18	192	288	5656512
6	18	192	384	6651840
6	18	192	96	3665856
6	18	240	120	5722800
6	18	240	240	7278000
6	18	240	360	8833200
6	18	240	480	10388400
6	18	288	144	8235936
6	18	288	288	10475424
6	18	288	432	12714912
6	18	288	576	14954400
6	18	336	168	11205264
6	18	336	336	14253456
6	18	336	504	17301648
6	18	336	672	20349840
6	18	384	192	14630784
6	18	384	384	18612096
6	18	384	576	22593408
6	18	384	768	26574720
6	18	48	24	232176
6	18	48	48	294384
6	18	48	72	356592
6	18	48	96	418800
6	18	96	144	1418208
6	18	96	192	1667040
6	18	96	48	920544
6	18	96	96	1169376
6	8	144	144	1170576
6	8	144	216	1419408
6	8	144	288	1668240
6	8	144	72	921744
6	8	192	192	2076864
6	8	192	288	2519232
6	8	192	384	2961600
6	8	192	96	1634496
6	8	240	120	2550000
6	8	240	240	3241200
6	8	240	360	3932400
6	8	240	480	4623600
6	8	288	144	3668256
6	8	288	288	4663584
6	8	288	432	5658912
6	8	288	576	6654240
6	8	336	168	4989264
6	8	336	336	6344016
6	8	336	504	7698768
6	8	336	672	9053520
6	8	384	192	6513024
6	8	384	384	8282496
6	8	384	576	10051968
6	8	384	768	11821440
6	8	48	24	104496
6	8	48	48	132144
6	8	48	72	159792
6	8	48	96	187440
6	8	96	144	632928
6	8	96	192	743520
6	8	96	48	411744
6	8	96	96	522336
8	10	128	128	1155712
8	10	128	192	1401472
8	10	128	256	1647232
8	10	128	64	909952
8	10	192	192	2593728
8	10	192	288	3146688
8	10	192	384	3699648
8	10	192	96	2040768
8	10	256	128	3622144
8	10	256	256	4605184
8	10	256	384	5588224
8	10	256	512	6571264
8	10	320	160	5654080
8	10	320	320	7190080
8	10	320	480	8726080
8	10	320	640	10262080
8	10	384	192	8136576
8	10	384	384	10348416
8	10	384	576	12560256
8	10	384	768	14772096
8	10	448	224	11069632
8	10	448	448	14080192
8	10	448	672	17090752
8	10	448	896	20101312
8	10	512	1024	26249728
8	10	512	256	14453248
8	10	512	512	18385408
8	10	512	768	22317568
8	10	64	128	414016
8	10	64	32	229696
8	10	64	64	291136
8	10	64	96	352576
8	12	128	128	1385600
8	12	128	192	1680512
8	12	128	256	1975424
8	12	128	64	1090688
8	12	192	192	3110592
8	12	192	288	3774144
8	12	192	384	4437696
8	12	192	96	2447040
8	12	256	128	4344064
8	12	256	256	5523712
8	12	256	384	6703360
8	12	256	512	7883008
8	12	320	160	6781760
8	12	320	320	8624960
8	12	320	480	10468160
8	12	320	640	12311360
8	12	384	192	9760128
8	12	384	384	12414336
8	12	384	576	15068544
8	12	384	768	17722752
8	12	448	224	13279168
8	12	448	448	16891840
8	12	448	672	20504512
8	12	448	896	24117184
8	12	512	1024	31494656
8	12	512	256	17338880
8	12	512	512	22057472
8	12	512	768	26776064
8	12	64	128	496192
8	12	64	32	275008
8	12	64	64	348736
8	12	64	96	422464
8	14	128	128	1615488
8	14	128	192	1959552
8	14	128	256	2303616
8	14	128	64	1271424
8	14	192	192	3627456
8	14	192	288	4401600
8	14	192	384	5175744
8	14	192	96	2853312
8	14	256	128	5065984
8	14	256	256	6442240
8	14	256	384	7818496
8	14	256	512	9194752
8	14	320	160	7909440
8	14	320	320	10059840
8	14	320	480	12210240
8	14	320	640	14360640
8	14	384	192	11383680
8	14	384	384	14480256
8	14	384	576	17576832
8	14	384	768	20673408
8	14	448	224	15488704
8	14	448	448	19703488
8	14	448	672	23918272
8	14	448	896	28133056
8	14	512	1024	36739584
8	14	512	256	20224512
8	14	512	512	25729536
8	14	512	768	31234560
8	14	64	128	578368
8	14	64	32	320320
8	14	64	64	406336
8	14	64	96	492352
8	16	128	128	1845376
8	16	128	192	2238592
8	16	128	256	2631808
8	16	128	64	1452160
8	16	192	192	4144320
8	16	192	288	5029056
8	16	192	384	5913792
8	16	192	96	3259584
8	16	256	128	5787904
8	16	256	256	7360768
8	16	256	384	8933632
8	16	256	512	10506496
8	16	320	160	9037120
8	16	320	320	11494720
8	16	320	480	13952320
8	16	320	640	16409920
8	16	384	192	13007232
8	16	384	384	16546176
8	16	384	576	20085120
8	16	384	768	23624064
8	16	448	224	17698240
8	16	448	448	22515136
8	16	448	672	27332032
8	16	448	896	32148928
8	16	512	1024	41984512
8	16	512	256	23110144
8	16	512	512	29401600
8	16	512	768	35693056
8	16	64	128	660544
8	16	64	32	365632
8	16	64	64	463936
8	16	64	96	562240
8	18	128	128	2075264
8	18	128	192	2517632
8	18	128	256	2960000
8	18	128	64	1632896
8	18	192	192	4661184
8	18	192	288	5656512
8	18	192	384	6651840
8	18	192	96	3665856
8	18	256	128	6509824
8	18	256	256	8279296
8	18	256	384	10048768
8	18	256	512	11818240
8	18	320	160	10164800
8	18	320	320	12929600
8	18	320	480	15694400
8	18	320	640	18459200
8	18	384	192	14630784
8	18	384	384	18612096
8	18	384	576	22593408
8	18	384	768	26574720
8	18	448	224	19907776
8	18	448	448	25326784
8	18	448	672	30745792
8	18	448	896	36164800
8	18	512	1024	47229440
8	18	512	256	25995776
8	18	512	512	33073664
8	18	512	768	40151552
8	18	64	128	742720
8	18	64	32	410944
8	18	64	64	521536
8	18	64	96	632128
8	20	128	128	2305152
8	20	128	192	2796672
8	20	128	256	3288192
8	20	128	64	1813632
8	20	192	192	5178048
8	20	192	288	6283968
8	20	192	384	7389888
8	20	192	96	4072128
8	20	256	128	7231744
8	20	256	256	9197824
8	20	256	384	11163904
8	20	256	512	13129984
8	20	320	160	11292480
8	20	320	320	14364480
8	20	320	480	17436480
8	20	320	640	20508480
8	20	384	192	16254336
8	20	384	384	20678016
8	20	384	576	25101696
8	20	384	768	29525376
8	20	448	224	22117312
8	20	448	448	28138432
8	20	448	672	34159552
8	20	448	896	40180672
8	20	512	1024	52474368
8	20	512	256	28881408
8	20	512	512	36745728
8	20	512	768	44610048
8	20	64	128	824896
8	20	64	32	456256
8	20	64	64	579136
8	20	64	96	702016
